{
  "1": {
    "endpoint": "Get all the colors",
    "request": {
      "method": "GET",
      "URL": "/colors",
      "headers": false,
      "body": false
    },
    "response": {
      "headers": {
        "Content-Type" : "text/html"
      },
      "statusCode": 200,
      "body": true
    }
  },
  "2": {
    "endpoint": "Form submission for adding a color",
    "request": {
      "method": "POST",
      "URL": "/colors",
      "headers": {
        "Content-Type": "application/x-www-form-urlencoded"
      },
      "body": {
        "color" : true
      }
    },
    "response": {
      "headers": {
        "Location" : "/colors"
      },
      "statusCode": 302,
      "body": false
    }
  }
}
